{
  "model": "LR-lite",
  "source": "python",
  "timestamp": "2026-06-30T12:07:18Z",
  "test_sets": {
    "test_a": {
      "label": "Test A \u2014 news (FMR)",
      "n_samples": 2616,
      "accuracy": 0.982798,
      "macro_f1": 0.973389,
      "per_class": {
        "rm-sursilv": {
          "f1": 0.994173,
          "precision": 0.993728,
          "recall": 0.994619,
          "support": 1115
        },
        "rm-sutsilv": {
          "f1": 0.941176,
          "precision": 0.955224,
          "recall": 0.927536,
          "support": 69
        },
        "rm-surmiran": {
          "f1": 0.984127,
          "precision": 0.99359,
          "recall": 0.974843,
          "support": 318
        },
        "rm-puter": {
          "f1": 0.971609,
          "precision": 0.987179,
          "recall": 0.956522,
          "support": 161
        },
        "rm-vallader": {
          "f1": 0.977876,
          "precision": 0.986607,
          "recall": 0.969298,
          "support": 456
        },
        "rm-rumgr": {
          "f1": 0.971372,
          "precision": 0.953488,
          "recall": 0.98994,
          "support": 497
        }
      }
    },
    "test_b": {
      "label": "Test B \u2014 speech transcripts (RTR)",
      "n_samples": 1200,
      "accuracy": 0.98,
      "macro_f1": 0.979983,
      "per_class": {
        "rm-sursilv": {
          "f1": 0.987593,
          "precision": 0.980296,
          "recall": 0.995,
          "support": 200
        },
        "rm-sutsilv": {
          "f1": 0.992519,
          "precision": 0.99005,
          "recall": 0.995,
          "support": 200
        },
        "rm-surmiran": {
          "f1": 0.984848,
          "precision": 0.994898,
          "recall": 0.975,
          "support": 200
        },
        "rm-puter": {
          "f1": 0.967419,
          "precision": 0.969849,
          "recall": 0.965,
          "support": 200
        },
        "rm-vallader": {
          "f1": 0.969849,
          "precision": 0.974747,
          "recall": 0.965,
          "support": 200
        },
        "rm-rumgr": {
          "f1": 0.977667,
          "precision": 0.970443,
          "recall": 0.985,
          "support": 200
        }
      }
    },
    "test_c": {
      "label": "Test C \u2014 schoolbooks (Textbooks)",
      "n_samples": 49690,
      "accuracy": 0.900423,
      "macro_f1": 0.913882,
      "per_class": {
        "rm-sursilv": {
          "f1": 0.914502,
          "precision": 0.901877,
          "recall": 0.927486,
          "support": 11446
        },
        "rm-sutsilv": {
          "f1": 0.946601,
          "precision": 0.964397,
          "recall": 0.92945,
          "support": 11949
        },
        "rm-surmiran": {
          "f1": 0.864796,
          "precision": 0.931261,
          "recall": 0.807186,
          "support": 6680
        },
        "rm-puter": {
          "f1": 0.926734,
          "precision": 0.940926,
          "recall": 0.912965,
          "support": 9927
        },
        "rm-vallader": {
          "f1": 0.916778,
          "precision": 0.951984,
          "recall": 0.884083,
          "support": 9688
        }
      }
    },
    "test_d": {
      "label": "Test D \u2014 proprietary (out-of-domain)",
      "n_samples": 9568,
      "accuracy": 0.909072,
      "macro_f1": 0.851527,
      "per_class": {
        "rm-sursilv": {
          "f1": 0.952937,
          "precision": 0.972524,
          "recall": 0.934124,
          "support": 4888
        },
        "rm-sutsilv": {
          "f1": 0.75,
          "precision": 0.818182,
          "recall": 0.692308,
          "support": 26
        },
        "rm-surmiran": {
          "f1": 0.962598,
          "precision": 0.956012,
          "recall": 0.969277,
          "support": 3027
        },
        "rm-puter": {
          "f1": 0.748428,
          "precision": 0.944444,
          "recall": 0.619792,
          "support": 576
        },
        "rm-vallader": {
          "f1": 0.84367,
          "precision": 0.914444,
          "recall": 0.783064,
          "support": 1051
        }
      }
    },
    "test_e": {
      "label": "Test E \u2014 Wikipedia (de/fr/it/en)",
      "n_samples": 39674,
      "accuracy": 0.980541,
      "macro_f1": 0.983247,
      "per_class": {
        "de": {
          "f1": 0.98144,
          "precision": 0.980798,
          "recall": 0.982082,
          "support": 9934
        },
        "fr": {
          "f1": 0.988392,
          "precision": 0.991357,
          "recall": 0.985444,
          "support": 9893
        },
        "it": {
          "f1": 0.983957,
          "precision": 0.996069,
          "recall": 0.972135,
          "support": 9905
        },
        "en": {
          "f1": 0.979199,
          "precision": 0.975922,
          "recall": 0.982498,
          "support": 9942
        }
      }
    }
  }
}