{
  "model": "LR-lite",
  "source": "python",
  "timestamp": "2026-05-27T10:40:44Z",
  "test_sets": {
    "test_a": {
      "label": "Test A \u2014 news (FMR)",
      "n_samples": 2616,
      "accuracy": 0.983563,
      "macro_f1": 0.974811,
      "per_class": {
        "rm-sursilv": {
          "f1": 0.995069,
          "precision": 0.994624,
          "recall": 0.995516,
          "support": 1115
        },
        "rm-sutsilv": {
          "f1": 0.948148,
          "precision": 0.969697,
          "recall": 0.927536,
          "support": 69
        },
        "rm-surmiran": {
          "f1": 0.985692,
          "precision": 0.996785,
          "recall": 0.974843,
          "support": 318
        },
        "rm-puter": {
          "f1": 0.971609,
          "precision": 0.987179,
          "recall": 0.956522,
          "support": 161
        },
        "rm-vallader": {
          "f1": 0.977876,
          "precision": 0.986607,
          "recall": 0.969298,
          "support": 456
        },
        "rm-rumgr": {
          "f1": 0.970472,
          "precision": 0.949904,
          "recall": 0.991952,
          "support": 497
        }
      }
    },
    "test_b": {
      "label": "Test B \u2014 speech transcripts (RTR)",
      "n_samples": 1200,
      "accuracy": 0.9825,
      "macro_f1": 0.982459,
      "per_class": {
        "rm-sursilv": {
          "f1": 0.995025,
          "precision": 0.990099,
          "recall": 1.0,
          "support": 200
        },
        "rm-sutsilv": {
          "f1": 0.995025,
          "precision": 0.990099,
          "recall": 1.0,
          "support": 200
        },
        "rm-surmiran": {
          "f1": 0.989899,
          "precision": 1.0,
          "recall": 0.98,
          "support": 200
        },
        "rm-puter": {
          "f1": 0.967089,
          "precision": 0.979487,
          "recall": 0.955,
          "support": 200
        },
        "rm-vallader": {
          "f1": 0.965,
          "precision": 0.965,
          "recall": 0.965,
          "support": 200
        },
        "rm-rumgr": {
          "f1": 0.982716,
          "precision": 0.970732,
          "recall": 0.995,
          "support": 200
        }
      }
    },
    "test_c": {
      "label": "Test C \u2014 schoolbooks (Textbooks)",
      "n_samples": 49690,
      "accuracy": 0.899276,
      "macro_f1": 0.913326,
      "per_class": {
        "rm-sursilv": {
          "f1": 0.915438,
          "precision": 0.903368,
          "recall": 0.927835,
          "support": 11446
        },
        "rm-sutsilv": {
          "f1": 0.943975,
          "precision": 0.963728,
          "recall": 0.925015,
          "support": 11949
        },
        "rm-surmiran": {
          "f1": 0.865116,
          "precision": 0.931606,
          "recall": 0.807485,
          "support": 6680
        },
        "rm-puter": {
          "f1": 0.924969,
          "precision": 0.941471,
          "recall": 0.909036,
          "support": 9927
        },
        "rm-vallader": {
          "f1": 0.917134,
          "precision": 0.949299,
          "recall": 0.887077,
          "support": 9688
        }
      }
    },
    "test_d": {
      "label": "Test D \u2014 proprietary (out-of-domain)",
      "n_samples": 9568,
      "accuracy": 0.919837,
      "macro_f1": 0.860531,
      "per_class": {
        "rm-sursilv": {
          "f1": 0.958506,
          "precision": 0.972222,
          "recall": 0.945172,
          "support": 4888
        },
        "rm-sutsilv": {
          "f1": 0.765957,
          "precision": 0.857143,
          "recall": 0.692308,
          "support": 26
        },
        "rm-surmiran": {
          "f1": 0.957273,
          "precision": 0.94525,
          "recall": 0.969607,
          "support": 3027
        },
        "rm-puter": {
          "f1": 0.755187,
          "precision": 0.938144,
          "recall": 0.631944,
          "support": 576
        },
        "rm-vallader": {
          "f1": 0.865731,
          "precision": 0.914286,
          "recall": 0.822074,
          "support": 1051
        }
      }
    }
  }
}